n,mae,rmse,r2,pearson_r,spearman_rho,model,features,seed
2323,1.3954846371217244,1.8527299720473827,0.03784351948912923,0.29878973274252363,0.32291755617589807,svr,physchem,0
2323,1.4640357675150928,1.9696509870038716,-0.08742674677536066,0.11269577157833997,0.13788953984803046,ridge,physchem,0
2323,1.3503408550501002,1.8218699927745103,0.06962888071998585,0.32670052403867544,0.3609668202696025,extratrees,physchem,0
2323,1.3691504640779208,1.8171869204694413,0.0744057259004971,0.3344184219891633,0.3588025745675721,svr,physchem,1
2323,1.4475546518690088,1.957630576031331,-0.0741945238209607,0.12885552658809332,0.1660746034078267,ridge,physchem,1
2323,1.3438431923446057,1.8180376805281548,0.07353884427811641,0.32770890484433285,0.3695290746958092,extratrees,physchem,1
2323,1.3987745900382302,1.866373411045906,0.023620770047049655,0.29013921502487977,0.3113265360968097,svr,physchem,2
2323,1.4784913180079364,1.9916118908599334,-0.11181076810404345,0.08882345341840564,0.10197630327511403,ridge,physchem,2
2323,1.3512812433939578,1.836926402047767,0.05418767856169382,0.30667310355529914,0.3504362623693461,extratrees,physchem,2
2323,1.381546882275305,1.8483111581869855,0.04242758772768296,0.30988868256930546,0.32879633255418605,svr,physchem,3
2323,1.4505653434982102,1.9505207092629522,-0.06640601556837922,0.13122521517941327,0.15943113104739953,ridge,physchem,3
2323,1.3395371118619621,1.815052217093558,0.07657909468637569,0.34165229920136775,0.3838346269621563,extratrees,physchem,3
2323,1.4355977503961963,1.9346466510836888,-0.04911903459259981,0.21626502476233322,0.22969597906564593,svr,physchem,4
2323,1.4555372937233508,1.9496121517045182,-0.06541277762408271,0.12933543107889856,0.1545714846751078,ridge,physchem,4
2323,1.3639693515819447,1.8468288585484482,0.043962870430297896,0.29363643974608944,0.3366855395695009,extratrees,physchem,4
2323,1.4533910515835617,1.9148029497289143,-0.02770774747981286,0.25283468155182637,0.2735855917096984,svr,full,0
2323,1.4712787450462494,1.9741020839595576,-0.09234712201061956,0.11354795577814643,0.13741830390031087,ridge,full,0
2323,1.35542384916808,1.8340150999001619,0.05718329496128449,0.3080626218037012,0.3416449872131937,extratrees,full,0
2323,1.4409654429544145,1.9033045362201195,-0.015402013343915222,0.2625288218686921,0.2801245177496704,svr,full,1
2323,1.4508825628816646,1.9564546015752549,-0.07290434586982619,0.13249079951742654,0.1720297227384688,ridge,full,1
2323,1.3374761655777974,1.818732096654056,0.07283096848426163,0.32466773199564325,0.36870426004662255,extratrees,full,1
2323,1.4719331552693873,1.9745383086668395,-0.09282993539234519,0.20250752646879688,0.22017862077245462,svr,full,2
2323,1.4826691755491348,1.9906594003384859,-0.11074757301893978,0.09505194753757833,0.1063011030696266,ridge,full,2
2323,1.3355026217646362,1.820598321946076,0.07092723121039257,0.32407375442815695,0.36571561982439693,extratrees,full,2
2323,1.4645773170790157,1.9472136189526783,-0.06279291754869187,0.2309948943000181,0.2393342253541082,svr,full,3
2323,1.454469807993313,1.948047107619248,-0.06370295169006623,0.1372931857172038,0.16684061031717912,ridge,full,3
2323,1.3319634328535621,1.811427678896497,0.08026343221621601,0.34793329125925104,0.39544556435810635,extratrees,full,3
2323,1.5185162402454113,2.0398611570415905,-0.166333289065979,0.12370996854905178,0.13757490859616925,svr,full,4
2323,1.461863088488542,1.9499296046180894,-0.06575976553750551,0.1322654409785148,0.1581735929991467,ridge,full,4
2323,1.360312083890613,1.8405213542533183,0.05048205680700657,0.29916837926205125,0.33772937088431754,extratrees,full,4
2323,1.3739217937831452,1.8043745389066501,0.08741182858282226,0.36174912060012027,0.37309371073379605,svr,physchem+esm2,0
2323,1.6479219683436335,2.1760874670756376,-0.32731545183325017,0.2535245821392278,0.27057458984086674,ridge,physchem+esm2,0
2323,1.324552883232574,1.782952416699069,0.10895228534659107,0.37260949468628135,0.400942981493736,extratrees,physchem+esm2,0
2323,1.3289585250792162,1.737233570167265,0.1540632723573211,0.42135689724518693,0.4113173795228526,svr,physchem+esm2,1
2323,1.6100664996284153,2.1134378917683274,-0.2519887719484195,0.29363500851415497,0.2897097591597927,ridge,physchem+esm2,1
2323,1.3175728643549445,1.7860623237070015,0.10584116221794593,0.36508907920164435,0.4003959834481977,extratrees,physchem+esm2,1
2323,1.3699241198466197,1.796655790109213,0.09520286333022221,0.3680600579612054,0.3890598340485208,svr,physchem+esm2,2
2323,1.6864818627900078,2.216355825597384,-0.3768937419875258,0.22053618105684727,0.23523257228811711,ridge,physchem+esm2,2
2323,1.3266305015999105,1.7936204919774132,0.09825743753220795,0.3565363275884184,0.3883571670879404,extratrees,physchem+esm2,2
2323,1.347998289686346,1.7709801418482138,0.12087862889672107,0.3952310586200986,0.4027022463447977,svr,physchem+esm2,3
2323,1.614007834773284,2.120197506289046,-0.2600102950536698,0.2833322289050274,0.2946771684167043,ridge,physchem+esm2,3
2323,1.3191804954817155,1.7840905243030072,0.1078143617131837,0.3782641620427242,0.4071525202091351,extratrees,physchem+esm2,3
2323,1.3530987403528567,1.7663912600491927,0.12542860364601127,0.3967024618070983,0.39573264260881413,svr,physchem+esm2,4
2323,1.6123163051751743,2.114138849232465,-0.25281939622374705,0.28596799412293633,0.27761615822425884,ridge,physchem+esm2,4
2323,1.320734236563323,1.7803335457538751,0.11156797508876692,0.3830333423536061,0.40504683460681273,extratrees,physchem+esm2,4
