stage,model,features,pearson_r,spearman_rho,r2,n
v4_group_cv_oof,catboost,physchem+esm2,0.3519069242733689,0.3812600444436597,0.091655587832049,2323.0
v4_group_cv_oof,extratrees,physchem+esm2,0.3354807320247022,0.3777301446469908,0.0816020317186441,2323.0
v4_group_cv_oof,svr,physchem+esm2,0.3272785546211212,0.3468916040405327,0.0524558738383742,2323.0
v4_group_cv_oof,xgboost,physchem+esm2,0.3163453383373503,0.3507440595478859,0.0676808267096101,2323.0
v4_group_cv_oof,lightgbm,physchem+esm2,0.2844751423454921,0.3266766084086238,0.0417743960851112,2323.0
v4_group_cv_oof,tobit_pca64,physchem+esm2,0.2225160220530677,0.249245956296307,-0.8355224136936708,2323.0
deep_oof_or_val,cnn1d,sequence,-0.078775142019669,-0.0791268194668587,-1.275617150970127,2323.0
deep_oof_or_val,multiscale_cnn,sequence,0.04622253327129,0.0605687361144892,-1.3008979080946874,2323.0
deep_oof_or_val,bilstm,sequence,0.2097386050577018,0.2072272262802126,-0.9509121636780412,2323.0
deep_oof_or_val,esm2_35M_ft,esm2_t12_35M,0.3975480209644219,0.4175343113399986,-0.1823106165384325,312.0
