n,mae,rmse,r2,pearson_r,spearman_rho,model,features,seed,family,n_features,fold_pearson_mean,roc_auc,pr_auc,mcc,balanced_accuracy,brier,censored_nll,reg_n,reg_mae,reg_rmse,reg_r2,reg_pearson_r,reg_spearman_rho,psafe_n,psafe_roc_auc,psafe_pr_auc,psafe_mcc,psafe_balanced_accuracy,psafe_brier
1223.0,1.2505086144329616,1.6421348869014258,-0.0016150853405332,-0.0533572665513614,-0.0361224445680237,mean,physchem,0,classical,33.0,,,,,,,,,,,,,,,,,,,
1223.0,1.206642394185839,1.5985068614209028,0.0508994808355119,0.2586327232069065,0.3092564815265177,ridge,physchem,0,classical,33.0,0.2575689441212002,,,,,,,,,,,,,,,,,,
1223.0,1.1910779815760475,1.586016912053112,0.0656731501778149,0.2578101810997665,0.3149073272608792,elasticnet,physchem,0,classical,33.0,0.2567085451941884,,,,,,,,,,,,,,,,,,
1223.0,1.2659163832805995,1.6653067372530883,-0.0300817184611572,0.212664824017963,0.2251873250138591,knn,physchem,0,classical,33.0,0.2139947526103403,,,,,,,,,,,,,,,,,,
1223.0,1.2059669415009793,1.6038506485550712,0.0445432133323149,0.2424329320567768,0.3131059347269428,pls,physchem,0,classical,33.0,0.243078496671927,,,,,,,,,,,,,,,,,,
1223.0,1.1657753322716895,1.536967303023103,0.122570041770145,0.362479843589396,0.3666960144448909,rf,physchem,0,classical,33.0,0.3804482265958804,,,,,,,,,,,,,,,,,,
1223.0,1.154371593176984,1.5333099610565863,0.1267409090200724,0.3671602052065995,0.3785491632110502,extratrees,physchem,0,classical,33.0,0.3822778794270544,,,,,,,,,,,,,,,,,,
1223.0,1.1741019535936277,1.5259382375894253,0.1351174930543526,0.4266988182429828,0.4344743874139037,svr,physchem,0,classical,33.0,0.4287302847490221,,,,,,,,,,,,,,,,,,
1223.0,1.2544039881865845,1.6398893009273854,0.0011224180505033,0.351057367406106,0.3605554366656875,mlp,physchem,0,classical,33.0,0.351855997644469,,,,,,,,,,,,,,,,,,
1223.0,1.1849702837619367,1.5592864473300525,0.0969017310883176,0.3657772870765836,0.3685775353906351,xgboost,physchem,0,classical,33.0,0.3758772796479707,,,,,,,,,,,,,,,,,,
1223.0,1.176361461632892,1.5519590728537842,0.1053694390813696,0.381687729371165,0.3907976095222965,lightgbm,physchem,0,classical,33.0,0.3885169240760635,,,,,,,,,,,,,,,,,,
1223.0,1.1585464795511344,1.5391454844005297,0.1200813019468561,0.3703501784352953,0.3775294684495382,catboost,physchem,0,classical,33.0,0.3847985991112508,,,,,,,,,,,,,,,,,,
1223.0,1.2505774254522124,1.6420272635994353,-0.0014838006437292,-0.0510550125387896,-0.0279425722046448,mean,physchem,1,classical,33.0,,,,,,,,,,,,,,,,,,,
1223.0,1.2175332046672247,1.6133282473210817,0.0332177303599752,0.2362532154388994,0.2914466298414824,ridge,physchem,1,classical,33.0,0.2380502338094693,,,,,,,,,,,,,,,,,,
1223.0,1.1967177805995048,1.5971331346891795,0.05253005816124,0.231731233721536,0.2913710602383622,elasticnet,physchem,1,classical,33.0,0.2420920137821106,,,,,,,,,,,,,,,,,,
1223.0,1.2742509908625823,1.6794294415912792,-0.0476271048334679,0.1866271308314454,0.2114073568004769,knn,physchem,1,classical,33.0,0.1896710834338829,,,,,,,,,,,,,,,,,,
1223.0,1.2129739937692228,1.6124073296865638,0.0343211297888343,0.2285237208648017,0.3040607726755499,pls,physchem,1,classical,33.0,0.2359963332104062,,,,,,,,,,,,,,,,,,
1223.0,1.1600483229786176,1.5388168402079927,0.1204570289973864,0.3645568881258194,0.3800587096156615,rf,physchem,1,classical,33.0,0.3757443826332824,,,,,,,,,,,,,,,,,,
1223.0,1.1592769114313144,1.5404340769946376,0.1186073264597927,0.3607574071151727,0.3824735525957157,extratrees,physchem,1,classical,33.0,0.3753684849661146,,,,,,,,,,,,,,,,,,
1223.0,1.1847579849910292,1.5359070387610163,0.123780199907967,0.4155064313455738,0.4247377128706543,svr,physchem,1,classical,33.0,0.4169054216453585,,,,,,,,,,,,,,,,,,
1223.0,1.2975425789897763,1.6848909277922164,-0.054451927748669,0.3110148966569718,0.3277479190491057,mlp,physchem,1,classical,33.0,0.3200014233575757,,,,,,,,,,,,,,,,,,
1223.0,1.1615513405186466,1.5463190617785394,0.1118600198750231,0.3861873685218319,0.3991523581015145,xgboost,physchem,1,classical,33.0,0.3938079484714925,,,,,,,,,,,,,,,,,,
1223.0,1.1689943435244068,1.5390391541248905,0.120202874295715,0.394620649415251,0.4090387891904109,lightgbm,physchem,1,classical,33.0,0.3969950665930223,,,,,,,,,,,,,,,,,,
1223.0,1.1510621073085086,1.525714257256778,0.1353713728638633,0.3926284598146318,0.4051255767200057,catboost,physchem,1,classical,33.0,0.4073378378022477,,,,,,,,,,,,,,,,,,
1223.0,1.2506256762437469,1.642236374829796,-0.0017388936610451,-0.0553359191429878,-0.0310608540795986,mean,physchem,2,classical,33.0,,,,,,,,,,,,,,,,,,,
1223.0,1.2213935130396594,1.6202201216132837,0.0249402166176848,0.2278718642097391,0.2828407440506595,ridge,physchem,2,classical,33.0,0.2271996743656076,,,,,,,,,,,,,,,,,,
1223.0,1.1882857417675063,1.5826945150489555,0.0695835162660529,0.2657790603210648,0.3197802463047327,elasticnet,physchem,2,classical,33.0,0.2647399333287471,,,,,,,,,,,,,,,,,,
1223.0,1.247259405958665,1.6472824294848365,-0.0079043826279219,0.2350418547543134,0.2540248731467844,knn,physchem,2,classical,33.0,0.233715201832459,,,,,,,,,,,,,,,,,,
1223.0,1.2109759041705404,1.6107214191881982,0.0363394746365933,0.2333521635016998,0.3047691730500244,pls,physchem,2,classical,33.0,0.2382603990451853,,,,,,,,,,,,,,,,,,
1223.0,1.1420774132546063,1.5157262576631594,0.1466548004036885,0.3916939601147875,0.4040976740009119,rf,physchem,2,classical,33.0,0.3989628302664483,,,,,,,,,,,,,,,,,,
1223.0,1.1478058336076966,1.5222747839210236,0.1392653065354596,0.3823494057818373,0.3861121659129282,extratrees,physchem,2,classical,33.0,0.3861893454344197,,,,,,,,,,,,,,,,,,
1223.0,1.1683149801821562,1.5193320679219409,0.142589870014176,0.4364187482980836,0.4484034907458802,svr,physchem,2,classical,33.0,0.4414551357153293,,,,,,,,,,,,,,,,,,
1223.0,1.2172904492169514,1.594641006288957,0.0554845702254573,0.3902688784264351,0.4061254253090215,mlp,physchem,2,classical,33.0,0.3842749186623923,,,,,,,,,,,,,,,,,,
1223.0,1.1542251672159691,1.515837513318188,0.146529523213315,0.4152279803995372,0.4221255754592541,xgboost,physchem,2,classical,33.0,0.4201827239978307,,,,,,,,,,,,,,,,,,
1223.0,1.1622539690593503,1.5324523001690231,0.1277175552555466,0.4018579319025092,0.4150151622207343,lightgbm,physchem,2,classical,33.0,0.403160890438576,,,,,,,,,,,,,,,,,,
1223.0,1.1343711940580514,1.4957628471106446,0.1689853409467481,0.4209735122973917,0.4187158726710392,catboost,physchem,2,classical,33.0,0.4243533320531396,,,,,,,,,,,,,,,,,,
1223.0,1.2506526016220134,1.6420657623232326,-0.00153076247082,-0.0519141184368765,-0.0323097933043838,mean,physchem,3,classical,33.0,,,,,,,,,,,,,,,,,,,
1223.0,1.22635198432342,1.6287269239629327,0.0146744313295775,0.2141206342177602,0.2657143029523285,ridge,physchem,3,classical,33.0,0.2151748712695747,,,,,,,,,,,,,,,,,,
1223.0,1.198225349037688,1.5953181672975916,0.0546822268533104,0.2355720604003433,0.2939836990751004,elasticnet,physchem,3,classical,33.0,0.2376335241540897,,,,,,,,,,,,,,,,,,
1223.0,1.2585573844859703,1.6626585883586544,-0.0268082783923426,0.2142829375032611,0.2349355103704832,knn,physchem,3,classical,33.0,0.2143964935734632,,,,,,,,,,,,,,,,,,
1223.0,1.2126531333127863,1.611000881334834,0.0360050530558604,0.2322634820516308,0.3056746643290744,pls,physchem,3,classical,33.0,0.2315151714990778,,,,,,,,,,,,,,,,,,
1223.0,1.1654484865119328,1.5410536656573115,0.1178981617619177,0.3621190204970096,0.3924867002103068,rf,physchem,3,classical,33.0,0.3684164289538263,,,,,,,,,,,,,,,,,,
1223.0,1.1661367920554426,1.545993490393014,0.1122339692506825,0.3559027504556019,0.3941944156546842,extratrees,physchem,3,classical,33.0,0.3619653673440693,,,,,,,,,,,,,,,,,,
1223.0,1.1556585082026312,1.5027949764684674,0.1611531641803585,0.4457892211431958,0.465295810297882,svr,physchem,3,classical,33.0,0.4493488746661798,,,,,,,,,,,,,,,,,,
1223.0,1.292871063541165,1.7098879668933145,-0.085971714055409,0.2861872746684086,0.3216420611874487,mlp,physchem,3,classical,33.0,0.2904569941795095,,,,,,,,,,,,,,,,,,
1223.0,1.1748930750463915,1.5609893159554715,0.0949281393293725,0.3692815460900003,0.3928976181354869,xgboost,physchem,3,classical,33.0,0.3694543466566128,,,,,,,,,,,,,,,,,,
1223.0,1.1951655487092696,1.5831900225190814,0.0690008384559781,0.3589978134838846,0.384639027931881,lightgbm,physchem,3,classical,33.0,0.3609359202911776,,,,,,,,,,,,,,,,,,
1223.0,1.1730825867619483,1.5537932867922557,0.103253515324711,0.3606205632453134,0.3873730660205695,catboost,physchem,3,classical,33.0,0.3672890644471261,,,,,,,,,,,,,,,,,,
1223.0,1.2503669544246032,1.6418366971288847,-0.0012513585121387,-0.0470522471662468,-0.0191906125667653,mean,physchem,4,classical,33.0,,,,,,,,,,,,,,,,,,,
1223.0,1.2046840281455842,1.606341877276929,0.0415727247802978,0.2455258202824138,0.2987316723917695,ridge,physchem,4,classical,33.0,0.2447004714788017,,,,,,,,,,,,,,,,,,
1223.0,1.190075290606563,1.588085256297573,0.0632346267896043,0.25292038261078,0.3075074763239773,elasticnet,physchem,4,classical,33.0,0.2584325818560364,,,,,,,,,,,,,,,,,,
1223.0,1.2655801560036388,1.6684243134935322,-0.0339421054617061,0.2049789054206627,0.2210461087335988,knn,physchem,4,classical,33.0,0.2115716469709041,,,,,,,,,,,,,,,,,,
1223.0,1.2034763395468562,1.6051196397432064,0.0430306711203014,0.2412978435233601,0.3111873979704013,pls,physchem,4,classical,33.0,0.2442050003019098,,,,,,,,,,,,,,,,,,
1223.0,1.1558104820734298,1.5328101042288198,0.1273101786135657,0.3723274052037928,0.3808862956400335,rf,physchem,4,classical,33.0,0.391137086990987,,,,,,,,,,,,,,,,,,
1223.0,1.1476386724753584,1.5275486055177725,0.1332910574396091,0.3766966900594343,0.3936026288684806,extratrees,physchem,4,classical,33.0,0.3975865499388876,,,,,,,,,,,,,,,,,,
1223.0,1.1573540854765392,1.523033207873142,0.1384074266921022,0.429372544637821,0.4422113684303815,svr,physchem,4,classical,33.0,0.4361129381395399,,,,,,,,,,,,,,,,,,
1223.0,1.238800749296762,1.627057516853886,0.0166932676218187,0.3584600805618753,0.3875808394637993,mlp,physchem,4,classical,33.0,0.361012146836965,,,,,,,,,,,,,,,,,,
1223.0,1.1365457355918869,1.5047921047057002,0.1589221241418057,0.4217317115733581,0.4314503554515575,xgboost,physchem,4,classical,33.0,0.4321653383730878,,,,,,,,,,,,,,,,,,
1223.0,1.153016391403742,1.5243183949178698,0.136952731155366,0.4070924562437216,0.4219067940902825,lightgbm,physchem,4,classical,33.0,0.4159625354337253,,,,,,,,,,,,,,,,,,
1223.0,1.1323726940291814,1.509096129537883,0.1541039209294856,0.4063492026941832,0.4171856917913146,catboost,physchem,4,classical,33.0,0.422308485133818,,,,,,,,,,,,,,,,,,
1223.0,1.2505086144329616,1.6421348869014258,-0.0016150853405332,-0.0533572665513614,-0.0361224445680237,mean,aac,0,classical,20.0,,,,,,,,,,,,,,,,,,,
1223.0,1.261158724377562,1.6632706643711288,-0.0275644172693667,0.0828073588764267,0.0984120919561125,ridge,aac,0,classical,20.0,0.0802230647172067,,,,,,,,,,,,,,,,,,
1223.0,1.2382723748891216,1.6367461568169217,0.0049478071986461,0.0878364743162958,0.1023746614368036,elasticnet,aac,0,classical,20.0,0.0818282604732349,,,,,,,,,,,,,,,,,,
1223.0,1.284129967279196,1.6862944076631574,-0.0562093334005175,0.1736131314467355,0.1860476516129539,knn,aac,0,classical,20.0,0.1712506969036292,,,,,,,,,,,,,,,,,,
1223.0,1.261356614718374,1.6639558183442242,-0.0284111644240729,0.0821605803474131,0.0983803370737325,pls,aac,0,classical,20.0,0.0796946511752554,,,,,,,,,,,,,,,,,,
1223.0,1.2477875342019125,1.6267683678018157,0.0170427290794001,0.216270695858024,0.2050270727062619,rf,aac,0,classical,20.0,0.214742220585944,,,,,,,,,,,,,,,,,,
1223.0,1.224696737771401,1.6123325725766413,0.0344106725322752,0.2380688483692036,0.2442164409132237,extratrees,aac,0,classical,20.0,0.2382194432223901,,,,,,,,,,,,,,,,,,
1223.0,1.2980518674055086,1.7056131590765766,-0.0805485314352794,0.2510000013982809,0.2584141592204985,svr,aac,0,classical,20.0,0.2508663365563423,,,,,,,,,,,,,,,,,,
1223.0,1.395111305658986,1.828388795655294,-0.2417103581698756,0.1410936584375746,0.1365531057538821,mlp,aac,0,classical,20.0,0.1493171608905797,,,,,,,,,,,,,,,,,,
1223.0,1.2673092050842651,1.6498597643798454,-0.0110607804300479,0.2665283417725266,0.2569056937777315,xgboost,aac,0,classical,20.0,0.260075576318527,,,,,,,,,,,,,,,,,,
1223.0,1.270466933286855,1.6678959544773342,-0.033287348600564,0.2186331977315781,0.2086230586793765,lightgbm,aac,0,classical,20.0,0.2150012569687653,,,,,,,,,,,,,,,,,,
1223.0,1.2514637576235192,1.6402478166763423,0.0006856172372776,0.2113804124967642,0.2144532605396467,catboost,aac,0,classical,20.0,0.2080119528220043,,,,,,,,,,,,,,,,,,
1223.0,1.2505774254522124,1.6420272635994353,-0.0014838006437292,-0.0510550125387896,-0.0279425722046448,mean,aac,1,classical,20.0,,,,,,,,,,,,,,,,,,,
1223.0,1.269010725068218,1.6775685729668326,-0.0453067735293355,0.0515149578743432,0.0608735606435377,ridge,aac,1,classical,20.0,0.0446161991764492,,,,,,,,,,,,,,,,,,
1223.0,1.2447921739577248,1.6459743327558785,-0.0063042769977676,0.0556541170276598,0.0508019093575168,elasticnet,aac,1,classical,20.0,0.0492320675951337,,,,,,,,,,,,,,,,,,
1223.0,1.314701705731495,1.723379691358081,-0.1031768586582237,0.1336870277938506,0.1374593201680551,knn,aac,1,classical,20.0,0.1328673454039364,,,,,,,,,,,,,,,,,,
1223.0,1.2693011674548056,1.6777902542106462,-0.0455830545947155,0.0510056713010312,0.0601766982698237,pls,aac,1,classical,20.0,0.0437736717402784,,,,,,,,,,,,,,,,,,
1223.0,1.2252697625065727,1.615493257942706,0.0306212366795167,0.2364125930127651,0.2406986948475362,rf,aac,1,classical,20.0,0.2449529475827657,,,,,,,,,,,,,,,,,,
1223.0,1.2254390568370863,1.62883236509496,0.0145468504505407,0.2037460787551952,0.2121485431330891,extratrees,aac,1,classical,20.0,0.2049745091957705,,,,,,,,,,,,,,,,,,
1223.0,1.2872544700519863,1.685804401198954,-0.0555955921660706,0.2495167796092516,0.2641616651611539,svr,aac,1,classical,20.0,0.2573167216346567,,,,,,,,,,,,,,,,,,
1223.0,1.420535151664748,1.8968899541578257,-0.3364954189454212,0.1244023046310057,0.1619921378580517,mlp,aac,1,classical,20.0,0.1293956030979703,,,,,,,,,,,,,,,,,,
1223.0,1.2563906182904598,1.647757423662574,-0.0084857252423173,0.2457478174459242,0.2425746650405077,xgboost,aac,1,classical,20.0,0.2433092484669437,,,,,,,,,,,,,,,,,,
1223.0,1.2510285735837836,1.6421672668217224,-0.001654585794049,0.2277302720099489,0.2266425581139131,lightgbm,aac,1,classical,20.0,0.2245311806419752,,,,,,,,,,,,,,,,,,
1223.0,1.2360389177448985,1.6285153142052295,0.0149304484150317,0.2187932862461055,0.2208138850410544,catboost,aac,1,classical,20.0,0.2194247879350082,,,,,,,,,,,,,,,,,,
1223.0,1.2506256762437469,1.642236374829796,-0.0017388936610451,-0.0553359191429878,-0.0310608540795986,mean,aac,2,classical,20.0,,,,,,,,,,,,,,,,,,,
1223.0,1.2684207517530943,1.676375761732113,-0.0438208010278085,0.0568731726280884,0.075716689443844,ridge,aac,2,classical,20.0,0.0531409252252633,,,,,,,,,,,,,,,,,,
1223.0,1.2459217588821234,1.64796443100263,-0.0087391327620762,0.0468043066813112,0.0576990799161804,elasticnet,aac,2,classical,20.0,0.0415117617397019,,,,,,,,,,,,,,,,,,
1223.0,1.2980874332802743,1.7030993822200782,-0.0773657977297139,0.1588117900616186,0.1555939000350368,knn,aac,2,classical,20.0,0.1533327955976228,,,,,,,,,,,,,,,,,,
1223.0,1.2689390588103733,1.6769979860400677,-0.0445958196445925,0.0562953171876719,0.0748169152958994,pls,aac,2,classical,20.0,0.0524017334827681,,,,,,,,,,,,,,,,,,
1223.0,1.2362294941944134,1.6335569382611796,0.0088217703823031,0.2057716752748274,0.2249671296483508,rf,aac,2,classical,20.0,0.2085360424092991,,,,,,,,,,,,,,,,,,
1223.0,1.235298564879599,1.627469195041815,0.0161956120176615,0.2090281838512096,0.2040947674739033,extratrees,aac,2,classical,20.0,0.2048464326456869,,,,,,,,,,,,,,,,,,
1223.0,1.2976625330409803,1.7173718888480298,-0.0954987868867158,0.2383769853662449,0.2441844814616538,svr,aac,2,classical,20.0,0.2394422568779559,,,,,,,,,,,,,,,,,,
1223.0,1.4123276726046177,1.88861279844116,-0.3248571632826091,0.1358461452913567,0.1765619573958083,mlp,aac,2,classical,20.0,0.1387006681855598,,,,,,,,,,,,,,,,,,
1223.0,1.2674375020959998,1.6636360963686962,-0.0280159928020593,0.2300059631696817,0.2249086038676474,xgboost,aac,2,classical,20.0,0.2261238670457582,,,,,,,,,,,,,,,,,,
1223.0,1.2986436943037634,1.703735083373235,-0.0781702258297443,0.1866823206454154,0.1938629131869944,lightgbm,aac,2,classical,20.0,0.1832949353680767,,,,,,,,,,,,,,,,,,
1223.0,1.2327311563955186,1.6233355476863889,0.0211868411787683,0.2337208398902478,0.2344241517204124,catboost,aac,2,classical,20.0,0.2325437052709921,,,,,,,,,,,,,,,,,,
1223.0,1.2506526016220134,1.6420657623232326,-0.00153076247082,-0.0519141184368765,-0.0323097933043838,mean,aac,3,classical,20.0,,,,,,,,,,,,,,,,,,,
1223.0,1.2797770113562867,1.6938724215577703,-0.0657236310552797,0.0199276622757996,0.0478471412423321,ridge,aac,3,classical,20.0,0.0194593792614172,,,,,,,,,,,,,,,,,,
1223.0,1.250220875250916,1.65739464360949,-0.0203168604637584,0.0146170230194841,0.0307862952320948,elasticnet,aac,3,classical,20.0,0.0160203897284989,,,,,,,,,,,,,,,,,,
1223.0,1.307851491906676,1.7229326967291383,-0.1026046688113477,0.1398759411234767,0.1512603821677913,knn,aac,3,classical,20.0,0.1373903773876411,,,,,,,,,,,,,,,,,,
1223.0,1.2806070854819656,1.6950267976909694,-0.0671767099479605,0.0179463022718081,0.0456472767890471,pls,aac,3,classical,20.0,0.0174304393161308,,,,,,,,,,,,,,,,,,
1223.0,1.2581693941946746,1.652557914270545,-0.0143704243743749,0.1678915642118544,0.2036301348095207,rf,aac,3,classical,20.0,0.1878558626046301,,,,,,,,,,,,,,,,,,
1223.0,1.240808453769061,1.6395910559708764,0.0014857146590112,0.1762210397201291,0.2057482533853302,extratrees,aac,3,classical,20.0,0.1968706339249918,,,,,,,,,,,,,,,,,,
1223.0,1.3171415042748935,1.729553163851148,-0.1110945916509382,0.2202828569002154,0.2286540552718957,svr,aac,3,classical,20.0,0.2333694156811801,,,,,,,,,,,,,,,,,,
1223.0,1.4490345028552556,1.9197345369013703,-0.3688805653179832,0.0708575452704229,0.1062337368622137,mlp,aac,3,classical,20.0,0.072118888367069,,,,,,,,,,,,,,,,,,
1223.0,1.2985544765723729,1.709668119620504,-0.0856924763791291,0.1611422255411179,0.1869537179198637,xgboost,aac,3,classical,20.0,0.1632012646538036,,,,,,,,,,,,,,,,,,
1223.0,1.2989092622645777,1.7006014116120929,-0.0742077266444014,0.1781840068018167,0.1934537133026687,lightgbm,aac,3,classical,20.0,0.1797995365887593,,,,,,,,,,,,,,,,,,
1223.0,1.2716094685547443,1.675487393195976,-0.0427147818704063,0.1400039038373249,0.1495655634206263,catboost,aac,3,classical,20.0,0.1429225448220361,,,,,,,,,,,,,,,,,,
1223.0,1.2503669544246032,1.6418366971288847,-0.0012513585121387,-0.0470522471662468,-0.0191906125667653,mean,aac,4,classical,20.0,,,,,,,,,,,,,,,,,,,
1223.0,1.2675313101201688,1.6770145721917442,-0.044616482651381,0.0526197186631148,0.0679716620265296,ridge,aac,4,classical,20.0,0.0547124549958782,,,,,,,,,,,,,,,,,,
1223.0,1.2431489174245227,1.6468683429807158,-0.0073977213076481,0.0500698996839399,0.0713520385799728,elasticnet,aac,4,classical,20.0,0.0593867757449225,,,,,,,,,,,,,,,,,,
1223.0,1.304443820397151,1.7203708678781726,-0.0993281804780663,0.133850998583569,0.1349019686460522,knn,aac,4,classical,20.0,0.1300640316478939,,,,,,,,,,,,,,,,,,
1223.0,1.2692564890635267,1.678479773681643,-0.0464426352447226,0.0499660579011647,0.0639191605139796,pls,aac,4,classical,20.0,0.0514606526781441,,,,,,,,,,,,,,,,,,
1223.0,1.2500222021029253,1.6426523659406436,-0.0022464542778148,0.1958503782383849,0.2109743506514729,rf,aac,4,classical,20.0,0.2106395102075037,,,,,,,,,,,,,,,,,,
1223.0,1.2319946562739026,1.6296774009909645,0.0135240818513142,0.2010508786212387,0.2113632758003244,extratrees,aac,4,classical,20.0,0.210007156087309,,,,,,,,,,,,,,,,,,
1223.0,1.333803623169018,1.7601483365334976,-0.1507520055797777,0.1932507684394817,0.1947955226658327,svr,aac,4,classical,20.0,0.1986728482423168,,,,,,,,,,,,,,,,,,
1223.0,1.399771152453114,1.875545713954902,-0.3065875310882846,0.105345883915467,0.1295229345265475,mlp,aac,4,classical,20.0,0.1054076579444915,,,,,,,,,,,,,,,,,,
1223.0,1.2832897769714784,1.687353065225934,-0.0575359285501155,0.2000227014602155,0.1956339371167882,xgboost,aac,4,classical,20.0,0.2061296500526124,,,,,,,,,,,,,,,,,,
1223.0,1.3125826938356695,1.7120685861469456,-0.08874335861571,0.1652291623521214,0.165279722094351,lightgbm,aac,4,classical,20.0,0.1696888673340203,,,,,,,,,,,,,,,,,,
1223.0,1.2562710036240272,1.6534873413379012,-0.015511744069613,0.1795550662442644,0.1755353929538501,catboost,aac,4,classical,20.0,0.1796952672690242,,,,,,,,,,,,,,,,,,
1223.0,1.2505086144329616,1.6421348869014258,-0.0016150853405332,-0.0533572665513614,-0.0361224445680237,mean,full,0,classical,53.0,,,,,,,,,,,,,,,,,,,
1223.0,1.2221608911419526,1.6111764722563822,0.0357949004882474,0.2494605086346368,0.2924637464484405,ridge,full,0,classical,53.0,0.2494405053534525,,,,,,,,,,,,,,,,,,
1223.0,1.1971488243989556,1.5917412897472114,0.0589164860548068,0.2436985764670018,0.2954835876080649,elasticnet,full,0,classical,53.0,0.2409435758718192,,,,,,,,,,,,,,,,,,
1223.0,1.2871320861611286,1.6976468799074502,-0.0704784297172333,0.1690067843519825,0.1907915475985013,knn,full,0,classical,53.0,0.1702811334860581,,,,,,,,,,,,,,,,,,
1223.0,1.2361587179566833,1.6304616790669433,0.0125743753654625,0.2147011115722921,0.2642281818254506,pls,full,0,classical,53.0,0.2121480423459464,,,,,,,,,,,,,,,,,,
1223.0,1.159564716516781,1.5327391174814633,0.1273910079050937,0.3651480094794649,0.3731631196978725,rf,full,0,classical,53.0,0.3798283567557523,,,,,,,,,,,,,,,,,,
1223.0,1.1522771054055745,1.5314921689918204,0.1288102394561604,0.3653728000718658,0.3787306411020759,extratrees,full,0,classical,53.0,0.3732399541604259,,,,,,,,,,,,,,,,,,
1223.0,1.1707967191217394,1.522769000807392,0.1387063290400594,0.4251608632506006,0.4318573847823197,svr,full,0,classical,53.0,0.428129102022405,,,,,,,,,,,,,,,,,,
1223.0,1.3588379817466032,1.8053178011637567,-0.2105717372646727,0.2655265522866962,0.2978765938078817,mlp,full,0,classical,53.0,0.2794727961228028,,,,,,,,,,,,,,,,,,
1223.0,1.1744258980081326,1.5389791796518637,0.1202714421950335,0.3775307911903324,0.3710413262555619,xgboost,full,0,classical,53.0,0.3850784639480021,,,,,,,,,,,,,,,,,,
1223.0,1.176423714942819,1.5368734567174502,0.1226771891973708,0.3908131541151812,0.3875774739175279,lightgbm,full,0,classical,53.0,0.393101071065201,,,,,,,,,,,,,,,,,,
1223.0,1.146042420133629,1.5192794939252623,0.1426492075327627,0.3868539316648346,0.3835257205757956,catboost,full,0,classical,53.0,0.3933347749437639,,,,,,,,,,,,,,,,,,
1223.0,1.2505774254522124,1.6420272635994353,-0.0014838006437292,-0.0510550125387896,-0.0279425722046448,mean,full,1,classical,53.0,,,,,,,,,,,,,,,,,,,
1223.0,1.224901774904872,1.6217162297398835,0.0231386485831334,0.2319152074519802,0.2773564139128374,ridge,full,1,classical,53.0,0.230097321894085,,,,,,,,,,,,,,,,,,
1223.0,1.2071302663626655,1.6067683202678966,0.0410637810101992,0.2109916873220056,0.259381591832465,elasticnet,full,1,classical,53.0,0.216647416183867,,,,,,,,,,,,,,,,,,
1223.0,1.317847835043639,1.7283449252162892,-0.1095427474782875,0.1332885683167696,0.155994802751463,knn,full,1,classical,53.0,0.133738559220301,,,,,,,,,,,,,,,,,,
1223.0,1.2369354953006315,1.6375858350404082,0.0039265883946548,0.2047873147752812,0.2538095530841878,pls,full,1,classical,53.0,0.2046096496929868,,,,,,,,,,,,,,,,,,
1223.0,1.1568043043970744,1.5383831454794563,0.1209527337315328,0.3619294311545016,0.3742109442149236,rf,full,1,classical,53.0,0.3715798583138744,,,,,,,,,,,,,,,,,,
1223.0,1.1620664175204027,1.550002828418055,0.107623381310601,0.3453895453359966,0.3664458646322896,extratrees,full,1,classical,53.0,0.3560341283572225,,,,,,,,,,,,,,,,,,
1223.0,1.1918099198057448,1.5426957181987948,0.1160173327012275,0.4124403431825318,0.4094208293161616,svr,full,1,classical,53.0,0.4144426440073986,,,,,,,,,,,,,,,,,,
1223.0,1.3883586652333868,1.8379530854080528,-0.2547350928705538,0.2555795183273429,0.3016257862880708,mlp,full,1,classical,53.0,0.2611880314231249,,,,,,,,,,,,,,,,,,
1223.0,1.151618181513581,1.518112858464725,0.1439653996015428,0.4050069484451289,0.4186401174140483,xgboost,full,1,classical,53.0,0.4095514534744334,,,,,,,,,,,,,,,,,,
1223.0,1.1604799093879798,1.520945433432058,0.1407679504660469,0.4079339483065729,0.4199027206931705,lightgbm,full,1,classical,53.0,0.4137690384928404,,,,,,,,,,,,,,,,,,
1223.0,1.1523407920205269,1.5216546598501544,0.1399664330195735,0.3891572642113805,0.396547534822299,catboost,full,1,classical,53.0,0.398455653074209,,,,,,,,,,,,,,,,,,
1223.0,1.2506256762437469,1.642236374829796,-0.0017388936610451,-0.0553359191429878,-0.0310608540795986,mean,full,2,classical,53.0,,,,,,,,,,,,,,,,,,,
1223.0,1.2304980928834113,1.6292651796133129,0.01402307021776,0.2249991853689444,0.2704235116770141,ridge,full,2,classical,53.0,0.2221247677345237,,,,,,,,,,,,,,,,,,
1223.0,1.1993381308147877,1.5954274208776311,0.0545527443593552,0.2360835666970033,0.2862133746532897,elasticnet,full,2,classical,53.0,0.2352033921232773,,,,,,,,,,,,,,,,,,
1223.0,1.2688847612571974,1.6770253227225618,-0.0446298757582404,0.1916136435916783,0.2047449109586614,knn,full,2,classical,53.0,0.1886575669341565,,,,,,,,,,,,,,,,,,
1223.0,1.2404979559565514,1.6416040967181065,-0.0009676823332325,0.20013460225301,0.2560923215563128,pls,full,2,classical,53.0,0.2024801591439575,,,,,,,,,,,,,,,,,,
1223.0,1.1425259645497718,1.5145242847278084,0.1480076715298174,0.3921951717792644,0.4036492826526501,rf,full,2,classical,53.0,0.3968409702524071,,,,,,,,,,,,,,,,,,
1223.0,1.1482819792385877,1.5237712285684282,0.1375722154699404,0.3808585855892075,0.3930997373180774,extratrees,full,2,classical,53.0,0.3817554229290875,,,,,,,,,,,,,,,,,,
1223.0,1.1632430738038904,1.51551905340037,0.1468880940824202,0.4382044863277904,0.4389516488695995,svr,full,2,classical,53.0,0.442978962486061,,,,,,,,,,,,,,,,,,
1223.0,1.3128760993693769,1.7763459902409109,-0.1720289018844862,0.2932720283825047,0.3392493850243778,mlp,full,2,classical,53.0,0.2953920547899363,,,,,,,,,,,,,,,,,,
1223.0,1.1133614918662125,1.469236560593141,0.1981988864673767,0.4595332552263967,0.4677679004498206,xgboost,full,2,classical,53.0,0.4636774523488105,,,,,,,,,,,,,,,,,,
1223.0,1.1517206639676498,1.5110326262693403,0.1519315927888932,0.4199887402663395,0.4285344631271019,lightgbm,full,2,classical,53.0,0.4237375663786607,,,,,,,,,,,,,,,,,,
1223.0,1.1381830148499472,1.4954435545826663,0.1693400876257085,0.4199426529517161,0.4256803176719766,catboost,full,2,classical,53.0,0.4217886015973976,,,,,,,,,,,,,,,,,,
1223.0,1.2506526016220134,1.6420657623232326,-0.00153076247082,-0.0519141184368765,-0.0323097933043838,mean,full,3,classical,53.0,,,,,,,,,,,,,,,,,,,
1223.0,1.2453354585155316,1.6475154378672396,-0.0081895392900797,0.1988918767839323,0.2359284997925374,ridge,full,3,classical,53.0,0.1973313985370483,,,,,,,,,,,,,,,,,,
1223.0,1.213581174299552,1.6127366376635632,0.0339266410972028,0.1975566540925497,0.2447143304471045,elasticnet,full,3,classical,53.0,0.1955917067028851,,,,,,,,,,,,,,,,,,
1223.0,1.2801056217139506,1.692888456372908,-0.0644858396349548,0.1746900632651089,0.1976721339648734,knn,full,3,classical,53.0,0.1762395757167715,,,,,,,,,,,,,,,,,,
1223.0,1.246209199129691,1.6538641712758042,-0.0159746672789435,0.1814192818537697,0.2298913078427636,pls,full,3,classical,53.0,0.1789311143319668,,,,,,,,,,,,,,,,,,
1223.0,1.1646546818719226,1.5411323942367643,0.1178080307040163,0.3567146135909346,0.3916582726034694,rf,full,3,classical,53.0,0.362047411616225,,,,,,,,,,,,,,,,,,
1223.0,1.1709088339039817,1.5490343867695275,0.1087381466352018,0.3473802633564815,0.3836203450416445,extratrees,full,3,classical,53.0,0.3509613702683288,,,,,,,,,,,,,,,,,,
1223.0,1.1780413416959714,1.5384370354005632,0.1208911461904966,0.4155925710848778,0.4278065037963681,svr,full,3,classical,53.0,0.4177177563138429,,,,,,,,,,,,,,,,,,
1223.0,1.4157993595983758,1.936469312274665,-0.3928502914785521,0.1913864002129938,0.2577759355574857,mlp,full,3,classical,53.0,0.2059954632397695,,,,,,,,,,,,,,,,,,
1223.0,1.1608631759582562,1.5343490263941066,0.1255569596279903,0.3864274906016754,0.4016875827458959,xgboost,full,3,classical,53.0,0.3886967677462709,,,,,,,,,,,,,,,,,,
1223.0,1.1870264345264048,1.5579100285618466,0.0984953994974412,0.3717518333786809,0.3874018992977666,lightgbm,full,3,classical,53.0,0.3704479404944762,,,,,,,,,,,,,,,,,,
1223.0,1.1671817672567086,1.549382964974381,0.1083369813479875,0.350446755858572,0.3717236475801707,catboost,full,3,classical,53.0,0.3533559878392884,,,,,,,,,,,,,,,,,,
1223.0,1.2503669544246032,1.6418366971288847,-0.0012513585121387,-0.0470522471662468,-0.0191906125667653,mean,full,4,classical,53.0,,,,,,,,,,,,,,,,,,,
1223.0,1.2158986491436334,1.6164719364798998,0.029446366337645,0.2366164491835922,0.2775961969308994,ridge,full,4,classical,53.0,0.2352098062467571,,,,,,,,,,,,,,,,,,
1223.0,1.2001301026287774,1.5983003146774797,0.0511447359059384,0.22865921810515,0.2816920736264539,elasticnet,full,4,classical,53.0,0.2327169692610557,,,,,,,,,,,,,,,,,,
1223.0,1.27753884702685,1.6881417508063217,-0.0585247651836877,0.1741403806501061,0.1865177419728109,knn,full,4,classical,53.0,0.1753358121550895,,,,,,,,,,,,,,,,,,
1223.0,1.2239063838851862,1.629518911310903,0.0137159463884966,0.2107114544631734,0.2654740475772225,pls,full,4,classical,53.0,0.2105942182808705,,,,,,,,,,,,,,,,,,
1223.0,1.152704874601009,1.5322214743745668,0.1279803107415715,0.3679638244892267,0.3838809144049888,rf,full,4,classical,53.0,0.3843072829864388,,,,,,,,,,,,,,,,,,
1223.0,1.1416696437384657,1.5259949990629114,0.135053148486095,0.3780622988728155,0.4000947797896519,extratrees,full,4,classical,53.0,0.3902199512732989,,,,,,,,,,,,,,,,,,
1223.0,1.161769481448322,1.5240745694206126,0.1372288100901435,0.424048387519375,0.430469153314912,svr,full,4,classical,53.0,0.4319025499573502,,,,,,,,,,,,,,,,,,
1223.0,1.372038095411048,1.8412160707913376,-0.2591942018394166,0.2645418068965512,0.3184045157677119,mlp,full,4,classical,53.0,0.2735249954557481,,,,,,,,,,,,,,,,,,
1223.0,1.1421860685217693,1.5158947320406138,0.1464650896423486,0.4041888291553795,0.4107122017177721,xgboost,full,4,classical,53.0,0.409846577561623,,,,,,,,,,,,,,,,,,
1223.0,1.1664194668687469,1.5398330819405694,0.1192949369361094,0.3835791438556821,0.4033696703226269,lightgbm,full,4,classical,53.0,0.3867639299292951,,,,,,,,,,,,,,,,,,
1223.0,1.1410875781224294,1.5049249955643542,0.1587735634254909,0.4085315992027998,0.4125169295688645,catboost,full,4,classical,53.0,0.4154853713315231,,,,,,,,,,,,,,,,,,
1223.0,1.1349529374679852,1.5006336451531488,0.1635643010412697,0.4086416278021069,0.4097654750063253,xgboost,esm2_t12_35M_mean,0,frozen_plm,,,,,,,,,,,,,,,,,,,,
1223.0,1.1563862903684057,1.5326609792478745,0.127479975931659,0.372452955123189,0.3754962864520639,lightgbm,esm2_t12_35M_mean,0,frozen_plm,,,,,,,,,,,,,,,,,,,,
1223.0,1.137071020954338,1.5052180539185738,0.1584459026592078,0.3996806299040612,0.3922985305760447,catboost,esm2_t12_35M_mean,0,frozen_plm,,,,,,,,,,,,,,,,,,,,
1223.0,1.5873103662100505,2.094340971514737,-0.6292134216669885,0.2622300164605094,0.2761621238924827,ridge,esm2_t12_35M_mean,0,frozen_plm,,,,,,,,,,,,,,,,,,,,
1223.0,1.2207346129495429,1.6124364493862842,0.0342862496042407,0.3766917222037636,0.3758708665348615,mlp,esm2_t12_35M_mean,0,frozen_plm,,,,,,,,,,,,,,,,,,,,
1223.0,1.1697727039434078,1.5454307214720089,0.112880176626621,0.3597547432755871,0.3559915400385554,xgboost,esm2_t12_35M_mean,1,frozen_plm,,,,,,,,,,,,,,,,,,,,
1223.0,1.1563813521659496,1.5448055616403995,0.113597749403694,0.3715386672743209,0.3723567046366915,lightgbm,esm2_t12_35M_mean,1,frozen_plm,,,,,,,,,,,,,,,,,,,,
1223.0,1.158409217166844,1.5278051718396044,0.1329998889633636,0.3775484194516039,0.3713047564167425,catboost,esm2_t12_35M_mean,1,frozen_plm,,,,,,,,,,,,,,,,,,,,
1223.0,1.5409745524508491,2.013306070115584,-0.5055764302845758,0.3184883592604239,0.3234640831028584,ridge,esm2_t12_35M_mean,1,frozen_plm,,,,,,,,,,,,,,,,,,,,
1223.0,1.1597219925377096,1.5330887005154654,0.1269929178676072,0.4079359705327672,0.4119912837375914,mlp,esm2_t12_35M_mean,1,frozen_plm,,,,,,,,,,,,,,,,,,,,
1223.0,1.1354858764782172,1.5106559794751868,0.1523543267933523,0.4003764114429226,0.4305729480809872,xgboost,esm2_t12_35M_mean,2,frozen_plm,,,,,,,,,,,,,,,,,,,,
1223.0,1.133542306603442,1.5004481418834257,0.1637710829794154,0.4167467451618587,0.4319429106812387,lightgbm,esm2_t12_35M_mean,2,frozen_plm,,,,,,,,,,,,,,,,,,,,
1223.0,1.1343123758925913,1.4955620261580558,0.1692084698375043,0.416147826261523,0.4124356516943401,catboost,esm2_t12_35M_mean,2,frozen_plm,,,,,,,,,,,,,,,,,,,,
1223.0,1.488294152740074,1.916062508710586,-0.3636488412729297,0.344005501226054,0.3257573901829761,ridge,esm2_t12_35M_mean,2,frozen_plm,,,,,,,,,,,,,,,,,,,,
1223.0,1.1756155087053235,1.5443749663481443,0.1140918276893598,0.4163895805464596,0.4198381225973842,mlp,esm2_t12_35M_mean,2,frozen_plm,,,,,,,,,,,,,,,,,,,,
1223.0,1.1553498646262546,1.519900918455361,0.1419477068864195,0.3879148327168368,0.3861273583992433,xgboost,esm2_t12_35M_mean,3,frozen_plm,,,,,,,,,,,,,,,,,,,,
1223.0,1.1607924059786754,1.5308880417437687,0.1294974198109201,0.3823509804005391,0.3804072029863207,lightgbm,esm2_t12_35M_mean,3,frozen_plm,,,,,,,,,,,,,,,,,,,,
1223.0,1.145734589446487,1.497256489183869,0.1673248394843556,0.4176634067963946,0.3989127914620464,catboost,esm2_t12_35M_mean,3,frozen_plm,,,,,,,,,,,,,,,,,,,,
1223.0,1.5149798094304203,1.995250509351861,-0.4786931536863996,0.30497998900816,0.3097663234897153,ridge,esm2_t12_35M_mean,3,frozen_plm,,,,,,,,,,,,,,,,,,,,
1223.0,1.1889727273152415,1.5760453767576543,0.0773847345908863,0.4039460981226651,0.4115706737039028,mlp,esm2_t12_35M_mean,3,frozen_plm,,,,,,,,,,,,,,,,,,,,
1223.0,1.1338972810484396,1.486422364436498,0.1793316901619385,0.4304091725443749,0.4321216346842457,xgboost,esm2_t12_35M_mean,4,frozen_plm,,,,,,,,,,,,,,,,,,,,
1223.0,1.137788063614015,1.5015247477152072,0.162570625739249,0.4135188451316097,0.4157825470553665,lightgbm,esm2_t12_35M_mean,4,frozen_plm,,,,,,,,,,,,,,,,,,,,
1223.0,1.113750322086576,1.4614288059709188,0.2066980383354615,0.4630435986014054,0.4573278529362256,catboost,esm2_t12_35M_mean,4,frozen_plm,,,,,,,,,,,,,,,,,,,,
1223.0,1.5498002813553462,2.022723745994382,-0.5196946945548557,0.2926488636083008,0.3143962680605023,ridge,esm2_t12_35M_mean,4,frozen_plm,,,,,,,,,,,,,,,,,,,,
1223.0,1.179771768174178,1.579329066928711,0.0735361921684235,0.3891444632480825,0.3952410656273697,mlp,esm2_t12_35M_mean,4,frozen_plm,,,,,,,,,,,,,,,,,,,,
1223.0,1.1125992842377768,1.4825634256906255,0.1835872745342203,0.4308883371201501,0.4470964441641593,xgboost,physchem+esm2_35M,0,hybrid,,,,,,,,,,,,,,,,,,,,
1223.0,1.1356498220743334,1.516509067473997,0.1457731379136917,0.3955940406938751,0.4103089420064945,lightgbm,physchem+esm2_35M,0,hybrid,,,,,,,,,,,,,,,,,,,,
1223.0,1.1234745658165437,1.4876128144994456,0.1780166455534015,0.4260594850195044,0.4262407434569206,catboost,physchem+esm2_35M,0,hybrid,,,,,,,,,,,,,,,,,,,,
1223.0,1.556375522137159,2.0592236182903303,-0.5750350503101307,0.2845104549172291,0.3054091768185757,ridge,physchem+esm2_35M,0,hybrid,,,,,,,,,,,,,,,,,,,,
1223.0,1.130459367342329,1.4926894220965747,0.1723968941365773,0.4225430310627528,0.4264712704253963,xgboost,physchem+esm2_35M,1,hybrid,,,,,,,,,,,,,,,,,,,,
1223.0,1.1505370582763723,1.5283730302995655,0.1323552716354964,0.3920686670212021,0.4020601832477081,lightgbm,physchem+esm2_35M,1,hybrid,,,,,,,,,,,,,,,,,,,,
1223.0,1.1248455203830914,1.4943085987098377,0.1706004556171514,0.4202957393773551,0.4240634575692041,catboost,physchem+esm2_35M,1,hybrid,,,,,,,,,,,,,,,,,,,,
1223.0,1.5581170796198625,2.0283746855998044,-0.5281977823412654,0.3151628190443725,0.311524593482996,ridge,physchem+esm2_35M,1,hybrid,,,,,,,,,,,,,,,,,,,,
1223.0,1.1103203656843292,1.4835353719750826,0.1825164678385586,0.4313637969333228,0.453414660926473,xgboost,physchem+esm2_35M,2,hybrid,,,,,,,,,,,,,,,,,,,,
1223.0,1.120992084891907,1.4888151860914554,0.1766873630461223,0.4316204206247256,0.4544463051917428,lightgbm,physchem+esm2_35M,2,hybrid,,,,,,,,,,,,,,,,,,,,
1223.0,1.1211670913214704,1.486719496933154,0.1790035578599496,0.4292464621592384,0.444207896639501,catboost,physchem+esm2_35M,2,hybrid,,,,,,,,,,,,,,,,,,,,
1223.0,1.4989960700773874,1.932120058713846,-0.3866007153410069,0.3496951403508573,0.3365532357746404,ridge,physchem+esm2_35M,2,hybrid,,,,,,,,,,,,,,,,,,,,
1759.0,,,,,,rf,full,0,psafe_clf,,,0.7638480797881145,0.7608993385162761,0.4021288722543084,0.7010958967886112,0.1983404033996493,,,,,,,,,,,,,
1759.0,,,,,,logreg,full,0,psafe_clf,,,0.7252951187717266,0.7118513884630946,0.3487725204116512,0.6742034896954147,0.2151183903512194,,,,,,,,,,,,,
1759.0,,,,,,rf,full,1,psafe_clf,,,0.7681287245489159,0.7699976280153991,0.3794332789315224,0.689743135449429,0.1967319046631932,,,,,,,,,,,,,
1759.0,,,,,,logreg,full,1,psafe_clf,,,0.7325107856729018,0.7171412438870146,0.3524691095179806,0.6762222469375931,0.2124437576148374,,,,,,,,,,,,,
1759.0,,,,,,rf,full,2,psafe_clf,,,0.7592480032279424,0.7527024937204914,0.3919181591969425,0.695988221114054,0.1998072388858415,,,,,,,,,,,,,
1759.0,,,,,,logreg,full,2,psafe_clf,,,0.7410313379407383,0.726007583650798,0.3878931742831363,0.6939054481873862,0.2091105016795781,,,,,,,,,,,,,
,1.2570444980278483,,,-0.1361488509491817,-0.1087263284680023,constant_censored,physchem,0,censored,,,,,,,,1.7862285957230923,1223.0,1.2570444980278483,1.649285932702888,-0.0103575960494726,-0.1361488509491817,-0.1087263284680023,1759.0,0.4713707633256083,0.4958767379028266,0.0,0.5,0.2803912872033234
,1.384831493218623,,,0.2785598684986285,0.3353393359149656,tobit_gaussian,physchem,0,censored,,,,,,,,1.5204625219616394,1223.0,1.384831493218623,1.840542595781934,-0.2582732010462387,0.2785598684986285,0.3353393359149656,1759.0,0.7402954808806489,0.7247707516690122,0.3644440456658984,0.6779733022264526,0.2118353300252555
,1.3779946962106584,,,0.2773962748019467,0.3505386714301575,lognormal_aft,physchem,0,censored,,,,,,,,,1223.0,1.3779946962106584,1.8369816479494956,-0.2534090801885853,0.2773962748019467,0.3505386714301575,,,,,,
,1.283320957576403,,,0.4010753384117411,0.4231234177129543,xgb_survival_aft,physchem,0,censored,,,,,,,,,1223.0,1.283320957576403,1.6711790681330712,-0.0373592316493651,0.4010753384117411,0.4231234177129543,,,,,,
1223.0,1.5489183725540419,2.007014941126632,-0.49618195511646546,0.08915381048097441,0.06931250574085854,cnn1d,sequence,0,deep,,,,,,,,,,,,,,,,,,,,
1223.0,1.4758806414574193,1.919510951268611,-0.3685617251883404,0.14879189544688434,0.146000847676834,multiscale_cnn,sequence,0,deep,,,,,,,,,,,,,,,,,,,,
1223.0,1.4741885337203338,1.9415414360650336,-0.40015633162395026,0.3172512783043946,0.3590057326333255,bilstm,sequence,0,deep,,,,,,,,,,,,,,,,,,,,
173.0,1.1039349710737134,1.3786345783738962,-0.11593547618172795,0.4179204355776754,0.4271067598523232,esm2_35M_ft,esm2_t12_35M,0,finetune,,,,,,,,,,,,,,,,,,,,
