n,mae,rmse,r2,pearson_r,spearman_rho,model,features,seed,family,n_features,fold_pearson_mean,roc_auc,pr_auc,mcc,balanced_accuracy,brier
1223.0,1.1137503220865759,1.4614288059709188,0.20669803833546152,0.4630435986014054,0.45732785293622563,catboost,esm2_t12_35M_mean,4,frozen_plm,,,,,,,
1223.0,1.1133614918662125,1.469236560593141,0.1981988864673767,0.45953325522639676,0.46776790044982064,xgboost,full,2,classical,53.0,0.4636774523488105,,,,,
1223.0,1.1556585082026312,1.5027949764684674,0.16115316418035852,0.44578922114319586,0.465295810297882,svr,physchem,3,classical,33.0,0.44934887466617984,,,,,
1223.0,1.1632430738038904,1.51551905340037,0.1468880940824202,0.4382044863277904,0.4389516488695995,svr,full,2,classical,53.0,0.44297896248606106,,,,,
1223.0,1.1683149801821562,1.5193320679219409,0.142589870014176,0.43641874829808364,0.44840349074588026,svr,physchem,2,classical,33.0,0.4414551357153293,,,,,
1223.0,1.120992084891907,1.4888151860914554,0.17668736304612231,0.4316204206247256,0.4544463051917428,lightgbm,physchem+esm2_35M,2,hybrid,,,,,,,
1223.0,1.1103203656843292,1.4835353719750826,0.18251646783855868,0.4313637969333228,0.45341466092647303,xgboost,physchem+esm2_35M,2,hybrid,,,,,,,
1223.0,1.1125992842377768,1.4825634256906255,0.1835872745342203,0.4308883371201501,0.44709644416415933,xgboost,physchem+esm2_35M,0,hybrid,,,,,,,
1223.0,1.1338972810484396,1.486422364436498,0.1793316901619385,0.43040917254437494,0.43212163468424575,xgboost,esm2_t12_35M_mean,4,frozen_plm,,,,,,,
1223.0,1.1573540854765392,1.5230332078731421,0.13840742669210226,0.42937254463782104,0.4422113684303815,svr,physchem,4,classical,33.0,0.4361129381395399,,,,,
1223.0,1.1211670913214704,1.486719496933154,0.1790035578599496,0.42924646215923845,0.44420789663950105,catboost,physchem+esm2_35M,2,hybrid,,,,,,,
1223.0,1.1741019535936275,1.5259382375894253,0.1351174930543526,0.4266988182429828,0.4344743874139037,svr,physchem,0,classical,33.0,0.42873028474902214,,,,,
1223.0,1.1234745658165435,1.4876128144994456,0.17801664555340158,0.4260594850195044,0.4262407434569206,catboost,physchem+esm2_35M,0,hybrid,,,,,,,
1223.0,1.1707967191217394,1.522769000807392,0.13870632904005942,0.42516086325060065,0.4318573847823197,svr,full,0,classical,53.0,0.42812910202240506,,,,,
1223.0,1.161769481448322,1.5240745694206126,0.13722881009014354,0.42404838751937507,0.430469153314912,svr,full,4,classical,53.0,0.4319025499573502,,,,,
1223.0,1.1304593673423293,1.4926894220965747,0.17239689413657733,0.4225430310627528,0.4264712704253963,xgboost,physchem+esm2_35M,1,hybrid,,,,,,,
1223.0,1.1365457355918869,1.5047921047057002,0.15892212414180573,0.42173171157335815,0.4314503554515575,xgboost,physchem,4,classical,33.0,0.4321653383730878,,,,,
1223.0,1.1343711940580514,1.4957628471106446,0.1689853409467481,0.42097351229739177,0.41871587267103927,catboost,physchem,2,classical,33.0,0.42435333205313963,,,,,
1223.0,1.1248455203830914,1.4943085987098377,0.17060045561715143,0.42029573937735515,0.4240634575692041,catboost,physchem+esm2_35M,1,hybrid,,,,,,,
1223.0,1.1517206639676498,1.5110326262693405,0.15193159278889323,0.4199887402663395,0.4285344631271019,lightgbm,full,2,classical,53.0,0.4237375663786607,,,,,
1223.0,1.1381830148499472,1.4954435545826663,0.1693400876257085,0.4199426529517161,0.4256803176719766,catboost,full,2,classical,53.0,0.42178860159739767,,,,,
1223.0,1.145734589446487,1.497256489183869,0.16732483948435561,0.41766340679639463,0.39891279146204645,catboost,esm2_t12_35M_mean,3,frozen_plm,,,,,,,
1223.0,1.133542306603442,1.5004481418834257,0.16377108297941545,0.4167467451618587,0.43194291068123875,lightgbm,esm2_t12_35M_mean,2,frozen_plm,,,,,,,
1223.0,1.1756155087053235,1.5443749663481445,0.11409182768935988,0.41638958054645964,0.41983812259738423,mlp,esm2_t12_35M_mean,2,frozen_plm,,,,,,,
1223.0,1.1343123758925913,1.4955620261580558,0.16920846983750437,0.416147826261523,0.41243565169434016,catboost,esm2_t12_35M_mean,2,frozen_plm,,,,,,,
1223.0,1.1780413416959714,1.5384370354005632,0.12089114619049668,0.41559257108487785,0.4278065037963681,svr,full,3,classical,53.0,0.4177177563138429,,,,,
1223.0,1.1847579849910292,1.5359070387610165,0.12378019990796707,0.4155064313455738,0.4247377128706543,svr,physchem,1,classical,33.0,0.4169054216453585,,,,,
1223.0,1.1542251672159693,1.515837513318188,0.14652952321331503,0.4152279803995372,0.42212557545925417,xgboost,physchem,2,classical,33.0,0.42018272399783074,,,,,
1223.0,1.137788063614015,1.5015247477152072,0.16257062573924908,0.4135188451316097,0.4157825470553665,lightgbm,esm2_t12_35M_mean,4,frozen_plm,,,,,,,
1223.0,1.1918099198057448,1.5426957181987948,0.1160173327012275,0.4124403431825318,0.4094208293161616,svr,full,1,classical,53.0,0.4144426440073986,,,,,
