model,features,pearson,spearman,r2
svr,physchem+esm2,0.3886199192467419,0.39438116265175627,0.11659703936261953
extratrees,physchem+esm2,0.3711064811745349,0.4003790973691643,0.10648664437973906
extratrees,full,0.3207811557497607,0.3618479604653274,0.0663373967358322
extratrees,physchem,0.31927425427715284,0.360290464773283,0.06357947373529388
svr,physchem,0.289900215417641,0.3103077956920223,0.0258357137143518
ridge,physchem+esm2,0.2673991989476387,0.27356204958594793,-0.2938055314093225
svr,full,0.21451517854767702,0.23015957283642016,-0.07301318056614878
ridge,full,0.12212986590577397,0.1481526666049464,-0.0810923516253914
ridge,physchem,0.1181870795686301,0.14398861245069566,-0.08105016637856532
