n,mae,rmse,r2,pearson_r,spearman_rho,scheme,seed
1223.0,0.9510614575295031,1.3052359302704106,0.36720761780594746,0.6062923337402033,0.6198121170399765,random,0
1223.0,1.164539701397924,1.5459628071641602,0.11226920776643157,0.35457318866632787,0.36759019908699775,cluster,0
1223.0,0.9561299804319093,1.314958159287341,0.35774562722976055,0.5984113075126497,0.6035258914630308,random,1
1223.0,1.1607371460938092,1.5449734396569519,0.11340508368441082,0.3568699878013069,0.3727636709737153,cluster,1
1223.0,0.9588807374214323,1.3196599235905668,0.3531445266807408,0.5945397416417132,0.6083855921736425,random,2
1223.0,1.163964415318127,1.5464589035753153,0.11169937423639764,0.3523360955692798,0.3666529983241708,cluster,2
1223.0,0.966367163262922,1.3280449931212004,0.34489822058256603,0.5873596191695758,0.5989211155921219,random,3
1223.0,1.167653296096211,1.5542720799160787,0.10270077487176243,0.3447447315428909,0.3577377781979532,cluster,3
1223.0,0.9514673161057438,1.298159858058481,0.37405013119067243,0.6133781521413354,0.610713415976715,random,4
1223.0,1.166818530008038,1.5493198192825337,0.10840965999764529,0.35010355432638435,0.3621338779929912,cluster,4
